Raw_Value,Incident_Norm,Category_Type,Response_Type,Statute,Source,Status,Note
9-1-1 Call,9-1-1 Call,Emergency Response,Emergency,,Current CAD,Approved,
A.C.O.R.N. Test,A.C.O.R.N. Test,Administrative and Support,Routine,,Current CAD,Approved,
A.T.R.A.,A.T.R.A.,Special Operations and Tactical,Urgent,,Current CAD,Approved,
ABC Advisory Check,ABC Advisory Check,Regulatory and Ordinance,Routine,,Current CAD,Approved,
ABC Inspection,ABC Inspection,Regulatory and Ordinance,Routine,,Current CAD,Approved,
ABC Liquor License Applicant,ABC Liquor License Applicant,Administrative and Support,Routine,,Current CAD,Approved,
ABC Violation,ABC Violation,Regulatory and Ordinance,Routine,,Current CAD,Approved,
ALPR Analysis,ALPR Analysis,Investigations and Follow-Ups,Routine,,Current CAD,Approved,
ALPR Flag,ALPR Flag,Investigations and Follow-Ups,Routine,,Current CAD,Approved,
Abandoned 9-1-1 Emergency,Abandoned 9-1-1 Emergency,Emergency Response,Emergency,,Current CAD,Approved,
Abandoned 9-1-1Emergency,Abandoned 9-1-1 Emergency,Miscellaneous,Routine,,Current CAD,Approved,
Abandoned Auto,Abandoned Auto,Traffic and Motor Vehicle,Routine,,Current CAD,Approved,
Academy Assignment,Academy Assignment,Administrative and Support,Routine,,Current CAD,Approved,
Active/Administratively Closed,Active/administratively Closed,Administrative and Support,Routine,,Current CAD,Approved,
Administrative Assignment,Administrative Assignment,Administrative and Support,Routine,,Current CAD,Approved,
Aggravated Assault - 2C:12-1b,Aggravated Assault - 2C:12-1B,Criminal Incidents,Emergency,2C,Current CAD,Approved,
Aggravated Assault 2C:12-1b,Aggravated Assault 2c:12-1b,Criminal Investigation,Urgent,,Current CAD,Approved,
Aggravated Sexual Assault - 2C:14-2a,Aggravated Sexual Assault - 2C:14-2A,Criminal Incidents,Emergency,2C,Current CAD,Approved,
Aiding Suicide - 2C:11-6,Aiding Suicide - 2C:11-6,Criminal Incidents,Emergency,2C,Current CAD,Approved,
Alarm,Alarm,Patrol and Prevention,Routine,,Current CAD,Approved,
Alarm - Burglar,Alarm - Burglar,Emergency Response,Emergency,,Current CAD,Approved,
Alarm - Fire,Alarm - Fire,Emergency Response,Emergency,,Current CAD,Approved,
Alarm - Other,Alarm - Other,Public Safety and Welfare,Urgent,,Current CAD,Approved,
Alarm - Panic,Alarm - Panic,Emergency Response,Emergency,,Current CAD,Approved,
Alarm Ordinance,Alarm Ordinance,Regulatory and Ordinance,Routine,,Current CAD,Approved,
Alcohol/School Property - 2C:33-16,Alcohol/school Property - 2C:33-16,Criminal Incidents,Urgent,2C,Current CAD,Approved,
Alcoholic Beverage - Hours of Sale,Alcoholic Beverage - Hours of Sale,Regulatory and Ordinance,Routine,,Current CAD,Approved,
Alcoholic Beverage - New Years Day Hours of Sale,Alcoholic Beverage - New Years Day Hours of Sale,Regulatory and Ordinance,Routine,,Current CAD,Approved,
Alcoholic Beverage - Serving Underage,Alcoholic Beverage - Serving Underage,Regulatory and Ordinance,Routine,,Current CAD,Approved,
Alcoholic Beverage - Sunday Hours of Sale,Alcoholic Beverage - Sunday Hours of Sale,Regulatory and Ordinance,Routine,,Current CAD,Approved,
Alcoholic Beverage - Unlicensed Bartender,Alcoholic Beverage - Unlicensed Bartender,Regulatory and Ordinance,Routine,,Current CAD,Approved,
Animal Bite Incident,Animal Bite Incident,Public Safety and Welfare,Urgent,,Current CAD,Approved,
Animal Complaint,Animal Complaint,Regulatory and Ordinance,Routine,,Current CAD,Approved,
Animal Cruelty,Animal Cruelty,Regulatory and Ordinance,Routine,,Current CAD,Approved,
Annoying Phone Calls - 2C:33-4a,Annoying Phone Calls - 2C:33-4A,Criminal Incidents,Routine,2C,Current CAD,Approved,
Applicant ABC License,Applicant ABC License,Administrative and Support,Routine,,Current CAD,Approved,
Applicant AD Material License,Applicant AD Material License,Administrative and Support,Routine,,Current CAD,Approved,
Applicant All Others,Applicant All Others,Administrative and Support,Routine,,Current CAD,Approved,
Applicant City Employee,Applicant City Employee,Administrative and Support,Routine,,Current CAD,Approved,
Applicant Concealed Carry,Applicant Concealed Carry,Administrative and Support,Routine,,Current CAD,Approved,
Applicant Firearm(s),Applicant Firearm(s),Administrative and Support,Routine,,Current CAD,Approved,
Applicant Handicapped Permit,Applicant Handicapped Permit,Administrative and Support,Routine,,Current CAD,Approved,
Applicant Ice Cream Vendor,Applicant Ice Cream Vendor,Administrative and Support,Routine,,Current CAD,Approved,
Applicant Jewelry,Applicant Jewelry,Administrative and Support,Routine,,Current CAD,Approved,
Applicant Landscaper,Applicant Landscaper,Administrative and Support,Routine,,Current CAD,Approved,
Applicant Limo,Applicant Limo,Administrative and Support,Routine,,Current CAD,Approved,
Applicant Peddling License,Applicant Peddling License,Administrative and Support,Routine,,Current CAD,Approved,
Applicant Pistol Permit,Applicant Pistol Permit,Administrative and Support,Routine,,Current CAD,Approved,
Applicant Police Auxiliary,Applicant Police Auxiliary,Administrative and Support,Routine,,Current CAD,Approved,
Applicant Police Officer,Applicant Police Officer,Administrative and Support,Routine,,Current CAD,Approved,
Applicant Snow Removal,Applicant Snow Removal,Administrative and Support,Routine,,Current CAD,Approved,
Applicant Solicitor,Applicant Solicitor,Administrative and Support,Routine,,Current CAD,Approved,
Applicant Spa Therapy,Applicant Spa Therapy,Administrative and Support,Routine,,Current CAD,Approved,
Applicant Taxi,Applicant Taxi,Administrative and Support,Routine,,Current CAD,Approved,
Applicant Towing,Applicant Towing,Administrative and Support,Routine,,Current CAD,Approved,
Applicant Vending License,Applicant Vending License,Administrative and Support,Routine,,Current CAD,Approved,
Arrest Process,Arrest Process,Criminal Incidents,Routine,,Current CAD,Approved,
Arrest and JV Complaints,Arrest and JV Complaints,Criminal Incidents,Routine,,Current CAD,Approved,
Arson - 2C:17-1,Arson - 2C:17-1,Criminal Incidents,Emergency,2C,Current CAD,Approved,
Arson 2C:17-1,Arson 2C:17-1,Criminal Investigation,Urgent,,Current CAD,Approved,
Assault,Assault,Criminal Investigation,Urgent,,Current CAD,Approved,
Assist Motorist,Assist Motorist,Assistance and Mutual Aid,Routine,,Current CAD,Approved,
Assist Other Agency,Assist Other Agency,Assistance and Mutual Aid,Routine,,Current CAD,Approved,
Assist Own Agency (Backup),Assist Own Agency (backup),Assistance and Mutual Aid,Urgent,,Current CAD,Approved,
Attempted Burglary - 2C:18-2,Attempted Burglary - 2C:18-2,Criminal Incidents,Routine,2C,Current CAD,Approved,
Attempted Burglary 2C:18-2,Attempted Burglary 2C:18-2,Criminal Investigation,Urgent,,Current CAD,Approved,
Aviation Accident,Aviation Accident,Emergency Response,Emergency,,Current CAD,Approved,
BOLO,BOLO,Investigations and Follow-Ups,Urgent,,Current CAD,Approved,
Background Checks,Background Checks,Administrative and Support,Routine,,Current CAD,Approved,
Bad Checks - 2C:21-5,Bad Checks - 2C:21-5,Criminal Incidents,Routine,2C,Current CAD,Approved,
Bad Checks 2C:21-5,Bad Checks 2C:21-5,Patrol and Prevention,Routine,,Current CAD,Approved,
Bias Incident,Bias Incident,Criminal Incidents,Urgent,,Current CAD,Approved,
Blocked Driveway,Blocked Driveway,Traffic and Motor Vehicle,Routine,,Current CAD,Approved,
Boating Incident,Boating Incident,Public Safety and Welfare,Urgent,,Current CAD,Approved,
Bomb Scare,Bomb Scare,Emergency Response,Emergency,,Current CAD,Approved,
Breath Test - Refusal - 39:4-50.2,Breath Test - Refusal - 39:4-50.2,Traffic and Motor Vehicle,Routine,39,Current CAD,Approved,
Bribery - 2C:27-2,Bribery - 2C:27-2,Criminal Incidents,Routine,2C,Current CAD,Approved,
Burglar Tools - 2C:5-5,Burglar Tools - 2C:5-5,Criminal Incidents,Routine,2C,Current CAD,Approved,
Burglary,Burglary,Criminal Incidents,Urgent,,Current CAD,Approved,
Burglary - Auto - 2C:18-2,Burglary - Auto - 2C:18-2,Criminal Incidents,Emergency,2C,Current CAD,Approved,
Burglary - Commercial - 2C:18-2,Burglary - Commercial - 2C:18-2,Criminal Incidents,Emergency,2C,Current CAD,Approved,
Burglary - Commercial 2C: 18-2,Burglary - Commercial 2C: 18-2,Criminal Incidents,Emergency,,Current CAD,Approved,
Burglary - Residence - 2C:18-2,Burglary - Residence - 2C:18-2,Criminal Incidents,Emergency,2C,Current CAD,Approved,
Burglary - Residence 2C:18-2,Burglary - Residence 2C:18-2,Criminal Incidents,Emergency,,Current CAD,Approved,
Attempted Burglary - Auto - 2C:18-2,Attempted Burglary - Auto - 2C:18-2,Criminal Incidents,Emergency,2C,Current CAD,Approved,
Attempted Burglary - Commercial - 2C:18-2,Attempted Burglary - Commercial - 2C:18-2,Criminal Incidents,Emergency,2C,Current CAD,Approved,
Attempted Burglary - Residence - 2C:18-2,Attempted Burglary - Residence - 2C:18-2,Criminal Incidents,Emergency,2C,Current CAD,Approved,
Burglary 2C:18-2,Burglary 2C:18-2,Criminal Investigation,Urgent,,Current CAD,Approved,
Business Check,Business Check,Patrol and Prevention,Routine,,Current CAD,Approved,
CCH / III Request,CCH / III Request,Administrative and Support,Routine,,Current CAD,Approved,
CDS/Dist.; School Property - 2C:35-7,Cds/dist.; School Property - 2C:35-7,Criminal Incidents,Urgent,2C,Current CAD,Approved,
CDS/Distribution - 2C:35-5,Cds/distribution - 2C:35-5,Criminal Incidents,Urgent,2C,Current CAD,Approved,
CDS/Employing Juvenile - 2C:35-6,Cds/employing Juvenile - 2C:35-6,Juvenile-Related Incidents,Urgent,2C,Current CAD,Approved,
CDS/Possession: Influence - 2C:35-10,Cds/possession: Influence - 2C:35-10,Criminal Incidents,Urgent,2C,Current CAD,Approved,
CDS/Possession: Influence 2C:35-10,Cds/possession: Influence 2C:35-10,Miscellaneous,Routine,,Current CAD,Approved,
CDS: Obtain by Fraud - 2C:35-13,CDS: Obtain by Fraud - 2C:35-13,Criminal Incidents,Urgent,2C,Current CAD,Approved,
Canceled Call,Canceled Call,Administrative and Support,Routine,,Current CAD,Approved,
Canvassing / Peddling Permit,Canvassing / Peddling Permit,Administrative and Support,Routine,,Current CAD,Approved,
Canvassing without Permit,Canvassing Without Permit,Regulatory and Ordinance,Routine,,Current CAD,Approved,
Car Seat Installation,Car Seat Installation,Community Engagement,Routine,,Current CAD,Approved,
Car Wash,Car Wash,Administrative and Support,Routine,,Current CAD,Approved,
Cardiac Arrest,Cardiac Arrest,Emergency Response,Emergency,,Current CAD,Approved,
Carjacking - 2C:15-2,Carjacking - 2C:15-2,Criminal Incidents,Emergency,2C,Current CAD,Approved,
Carjacking 2C:15-2,Carjacking 2C:15-2,Criminal Investigation,Urgent,,Current CAD,Approved,
Catalytic Converter Theft,Catalytic Converter Theft,Criminal Incidents,Routine,,Current CAD,Approved,
Checked Road Conditions (Weather),Checked Road Conditions (weather),Traffic and Motor Vehicle,Routine,,Current CAD,Approved,
Child Abuse - Title 9,Child Abuse - Title 9,Juvenile-Related Incidents,Urgent,,Current CAD,Approved,
Child Custody Dispute,Child Custody Dispute,Public Safety and Welfare,Urgent,,Current CAD,Approved,
Church Crossing,Church Crossing,Community Engagement,Routine,,Current CAD,Approved,
City Ordinance,City Ordinance,Regulatory and Ordinance,Routine,,Current CAD,Approved,
City Ordinance Warning,City Ordinance Warning,Regulatory and Ordinance,Routine,,Current CAD,Approved,
Civil Defense Test,Civil Defense Test,Administrative and Support,Routine,,Current CAD,Approved,
Cleared-Arrest,Cleared-arrest,Criminal Incidents,Routine,,Current CAD,Approved,
Code Blue,Code Blue,Public Safety and Welfare,Routine,,Current CAD,Approved,
Coffee Break,Coffee Break,Administrative and Support,Routine,,Current CAD,Approved,
Community Engagement - Community Policing,Community Engagement - Community Policing,Community Engagement,Routine,,Current CAD,Approved,
Community Engagement - Crime Prevention,Community Engagement - Crime Prevention,Community Engagement,Routine,,Current CAD,Approved,
Community Engagement - Crisis Intervention,Community Engagement - Crisis Intervention,Community Engagement,Routine,,Current CAD,Approved,
Community Engagement - Emergency Response,Community Engagement - Emergency Response,Community Engagement,Routine,,Current CAD,Approved,
Community Engagement - Online Engagement,Community Engagement - Online Engagement,Community Engagement,Routine,,Current CAD,Approved,
Community Engagement - Public Education,Community Engagement - Public Education,Community Engagement,Routine,,Current CAD,Approved,
Community Engagement - School Outreach,Community Engagement - School Outreach,Community Engagement,Routine,,Current CAD,Approved,
Community Engagement - Traffic Safety,Community Engagement - Traffic Safety,Community Engagement,Routine,,Current CAD,Approved,
Community Engagement - Victim Support,Community Engagement - Victim Support,Community Engagement,Routine,,Current CAD,Approved,
Community Event,Community Event,Community Engagement,Routine,,Current CAD,Approved,
Compensation - 2C:27-4,Compensation - 2C:27-4,Criminal Incidents,Routine,2C,Current CAD,Approved,
Compensation/Public Servant - 2C:27-7,Compensation/public Servant - 2C:27-7,Criminal Incidents,Routine,2C,Current CAD,Approved,
Complaint Signed,Complaint Signed,Criminal Incidents,Routine,,Current CAD,Approved,
Compounding - 2C:29-4,Compounding - 2C:29-4,Criminal Incidents,Routine,2C,Current CAD,Approved,
Compulsory School Attend. - Title 18A:38-2,Compulsory School Attend. - Title 18A:38-2,Juvenile-Related Incidents,Routine,,Current CAD,Approved,
Computer Issue - Desktop,Computer Issue - Desktop,Administrative and Support,Routine,,Current CAD,Approved,
Computer Issue - Vehicle,Computer Issue - Vehicle,Administrative and Support,Routine,,Current CAD,Approved,
Conditional Dismissal Process,Conditional Dismissal Process,Administrative and Support,Routine,,Current CAD,Approved,
Conspiracy - 2C:5-2,Conspiracy - 2C:5-2,Criminal Incidents,Routine,2C,Current CAD,Approved,
Constable - Secured Park Facilities,Constable - Secured Park Facilities,Public Safety and Welfare,Routine,,Current CAD,Approved,
Construction Hours,Construction Hours,Regulatory and Ordinance,Routine,,Current CAD,Approved,
Contempt of Court - 2C:29-9,Contempt of Court - 2C:29-9,Criminal Incidents,Urgent,2C,Current CAD,Approved,
Controlled Buy,Controlled Buy,Special Operations and Tactical,Routine,,Current CAD,Approved,
Controlled CDS Purchase,Controlled CDS Purchase,Special Operations and Tactical,Urgent,,Current CAD,Approved,
Cooperative Arrest - Little Ferry,Cooperative Arrest - Little Ferry,Assistance and Mutual Aid,Urgent,,Current CAD,Approved,
Cooperative Arrest - Maywood,Cooperative Arrest - Maywood,Assistance and Mutual Aid,Urgent,,Current CAD,Approved,
Cooperative Arrest - Ridgefield Park,Cooperative Arrest - Ridgefield Park,Assistance and Mutual Aid,Urgent,,Current CAD,Approved,
Cooperative Arrest - So. Hackensack,Cooperative Arrest - So. Hackensack,Assistance and Mutual Aid,Urgent,,Current CAD,Approved,
Counterfeit Money,Counterfeit Money,Criminal Incidents,Routine,,Current CAD,Approved,
Court - Federal,Court - Federal,Administrative and Support,Routine,,Current CAD,Approved,
Court - Municipal,Court - Municipal,Administrative and Support,Routine,,Current CAD,Approved,
Court - Municipal Prisoner,Court - Municipal Prisoner,Administrative and Support,Routine,,Current CAD,Approved,
Court - Other Municipality,Court - Other Municipality,Administrative and Support,Routine,,Current CAD,Approved,
Court - Superior,Court - Superior,Administrative and Support,Routine,,Current CAD,Approved,
Court Appearance,Court Appearance,Administrative and Support,Routine,,Current CAD,Approved,
Court Officer,Court Officer,Administrative and Support,Routine,,Current CAD,Approved,
Court Order,Court Order,Administrative and Support,Routine,,Current CAD,Approved,
Court- Municipal Prisoner,Court- Municipal Prisoner,Administrative and Support,Routine,,Current CAD,Approved,
Courtesy Transport,Courtesy Transport,Assistance and Mutual Aid,Routine,,Current CAD,Approved,
Creating a Hazard - 2C:40-1,Creating a Hazard - 2C:40-1,Criminal Incidents,Emergency,2C,Current CAD,Approved,
Credit Cards - Unlawful Use - 2C:21-6,Credit Cards - Unlawful Use - 2C:21-6,Criminal Incidents,Routine,2C,Current CAD,Approved,
Credit Cards - Unlawful Use 2C:21-6,Credit Cards - Unlawful Use 2C:21-6,Miscellaneous,Routine,,Current CAD,Approved,
Credit Practices - 2C:21-19,Credit Practices - 2C:21-19,Criminal Incidents,Routine,2C,Current CAD,Approved,
Criminal Attempt - 2C:5-1,Criminal Attempt - 2C:5-1,Criminal Incidents,Routine,2C,Current CAD,Approved,
Criminal Coercion - 2C:13-5,Criminal Coercion - 2C:13-5,Criminal Incidents,Routine,2C,Current CAD,Approved,
Criminal Homicide - 2C:11-2,Criminal Homicide - 2C:11-2,Criminal Incidents,Emergency,2C,Current CAD,Approved,
Criminal Mischief - 2C:17-3,Criminal Mischief - 2C:17-3,Criminal Incidents,Routine,2C,Current CAD,Approved,
Criminal Mischief - Graffiti - 2C:17-3,Criminal Mischief - Graffiti - 2C:17-3,Criminal Incidents,Routine,2C,Current CAD,Approved,
Criminal Mischief - Park - 2C:17-3,Criminal Mischief - Park - 2C:17-3,Criminal Incidents,Routine,2C,Current CAD,Approved,
Criminal Mischief - School - 2C:17-3,Criminal Mischief - School - 2C:17-3,Criminal Incidents,Routine,2C,Current CAD,Approved,
Criminal Mischief - Vehicle - 2C:17-3,Criminal Mischief - Vehicle - 2C:17-3,Criminal Incidents,Routine,2C,Current CAD,Approved,
Criminal Mischief 2C:17-3,Criminal Mischief 2C:17-3,Criminal Investigation,Urgent,,Current CAD,Approved,
Criminal Restraint - 2C:13-2,Criminal Restraint - 2C:13-2,Criminal Incidents,Routine,2C,Current CAD,Approved,
Criminal Sexual Contact - 2C:14-3a,Criminal Sexual Contact - 2C:14-3A,Criminal Incidents,Routine,2C,Current CAD,Approved,
Criminal Sexual Contact 2C:14-3a,Criminal Sexual Contact 2c:14-3a,Miscellaneous,Routine,,Current CAD,Approved,
Criminal Simulation - 2C:21-2,Criminal Simulation - 2C:21-2,Criminal Incidents,Routine,2C,Current CAD,Approved,
Criminal Trespass - 2C:18-3,Criminal Trespass - 2C:18-3,Criminal Incidents,Routine,2C,Current CAD,Approved,
Criminal Trespass 2C:18-3,Criminal Trespass 2C:18-3,Miscellaneous,Routine,,Current CAD,Approved,
Cyber Harassment - 2C:33-4.1,Cyber Harassment - 2C:33-4.1,Criminal Incidents,Routine,2C,Current CAD,Approved,
Cyber Harassment 2C:33-4.1,Cyber Harassment 2C:33-4.1,Criminal Investigation,Urgent,,Current CAD,Approved,
D.O.A,D.O.A,Emergency Response,Emergency,,Current CAD,Approved,
D.P.W. Assist,D.P.W. Assist,Assistance and Mutual Aid,Routine,,Current CAD,Approved,
DARE Assignment,DARE Assignment,Community Engagement,Routine,,Current CAD,Approved,
DCPP (DYFS),DCPP (DYFS),Juvenile-Related Incidents,Routine,,Current CAD,Approved,
DNA Sample,DNA Sample,Investigations and Follow-Ups,Routine,,Current CAD,Approved,
DWI,DWI,Traffic and Motor Vehicle,Urgent,,Current CAD,Approved,
Damage to Property: Threats - 2C:33-11,Damage to Property: Threats - 2C:33-11,Criminal Incidents,Routine,2C,Current CAD,Approved,
Dead Animal,Dead Animal,Public Safety and Welfare,Routine,,Current CAD,Approved,
Deceased Person/Sexual Pen. - 2C:34-5,Deceased Person/sexual Pen. - 2C:34-5,Criminal Incidents,Routine,2C,Current CAD,Approved,
Desecration/Venerated Obj. - 2C:33-9,Desecration/venerated Obj. - 2C:33-9,Criminal Incidents,Routine,2C,Current CAD,Approved,
Desk Coverage,Desk Coverage,Administrative and Support,Routine,,Current CAD,Approved,
Detective Bureau Detail,Detective Bureau Detail,Investigations and Follow-Ups,Routine,,Current CAD,Approved,
Disabled Motor Vehicle,Disabled Motor Vehicle,Traffic and Motor Vehicle,Urgent,,Current CAD,Approved,
Disabled Vehicle,Disabled Vehicle,Traffic and Motor Vehicle,Routine,,Current CAD,Approved,
Disarm a Law Enforcement Officer,Disarm a Law Enforcement Officer,Emergency Response,Emergency,,Current CAD,Approved,
Disarm a Law Enforcement Officer - Attempt,Disarm a Law Enforcement Officer - Attempt,Emergency Response,Emergency,,Current CAD,Approved,
Discovery - Criminal,Discovery - Criminal,Investigations and Follow-Ups,Routine,,Current CAD,Approved,
Discovery - Motor Vehicle,Discovery - Motor Vehicle,Investigations and Follow-Ups,Routine,,Current CAD,Approved,
Discovery - Non Specific,Discovery - Non Specific,Investigations and Follow-Ups,Routine,,Current CAD,Approved,
Disorderly Conduct - 2C:33-2,Disorderly Conduct - 2C:33-2,Criminal Incidents,Urgent,2C,Current CAD,Approved,
Dispute,Dispute,Public Safety and Welfare,Urgent,,Current CAD,Approved,
Disrupting Meet/Procession - 2C:33-8s,Disrupting Meet/procession - 2C:33-8S,Criminal Incidents,Urgent,2C,Current CAD,Approved,
Disturbance,Disturbance,Public Safety and Welfare,Urgent,,Current CAD,Approved,
Docket - Drop Off,Docket - Drop Off,Administrative and Support,Routine,,Current CAD,Approved,
Docket - Pick up,Docket - Pick Up,Administrative and Support,Routine,,Current CAD,Approved,
Dogs Defecating,Dogs Defecating,Regulatory and Ordinance,Routine,,Current CAD,Approved,
Dogs at Large,Dogs at Large,Regulatory and Ordinance,Routine,,Current CAD,Approved,
Domestic Dispute,Domestic Dispute,Criminal Investigation,Urgent,,Current CAD,Approved,
Domestic Violence - 2C:25-21,Domestic Violence - 2C:25-21,Criminal Incidents,Emergency,2C,Current CAD,Approved,
Domestic Violence 2C:25-21,Domestic Violence 2C:25-21,Criminal Investigation,Urgent,,Current CAD,Approved,
Drinking in Public,Drinking in Public,Regulatory and Ordinance,Routine,,Current CAD,Approved,
Driving While Intoxicated - 39:4-50,Driving While Intoxicated - 39:4-50,Traffic and Motor Vehicle,Emergency,39,Current CAD,Approved,
Driving While Intoxicated 39:4-50,Driving While Intoxicated 39:4-50,Miscellaneous,Routine,,Current CAD,Approved,
Drug Offense,Drug Offense,Criminal Investigation,Urgent,,Current CAD,Approved,
Drug Paraphernalia - 2C:36-2,Drug Paraphernalia - 2C:36-2,Criminal Incidents,Routine,2C,Current CAD,Approved,
Duty to Warn,Duty to Warn,Miscellaneous,Routine,,Current CAD,Approved,
Duty to Warn - Notification,Duty to Warn - Notification,Public Safety and Welfare,Routine,,Current CAD,Approved,
E.D.P.,E.D.P.,Miscellaneous,Routine,,Current CAD,Approved,
EMS Call,EMS Call,Emergency Response,Emergency,,Current CAD,Approved,
ESU - Response,ESU - Response,Special Operations and Tactical,Emergency,,Current CAD,Approved,
ESU - Targeted Patrol,ESU - Targeted Patrol,Patrol and Prevention,Routine,,Current CAD,Approved,
ESU - Training,ESU - Training,Special Operations and Tactical,Routine,,Current CAD,Approved,
Embezzlement,Embezzlement,Criminal Incidents,Routine,,Current CAD,Approved,
Embezzlment,Embezzlment,Criminal Incidents,Routine,,Current CAD,Approved,
Emergency Access Card Use,Emergency Access Card Use,Emergency Response,Emergency,,Current CAD,Approved,
Endangering Welfare - 2C:24-4,Endangering Welfare - 2C:24-4,Criminal Incidents,Routine,2C,Current CAD,Approved,
Endangering Welfare - 2C:24-7,Endangering Welfare - 2C:24-7,Criminal Incidents,Routine,2C,Current CAD,Approved,
Endangering Welfare - 2C:24-8,Endangering Welfare - 2C:24-8,Criminal Incidents,Routine,2C,Current CAD,Approved,
Enticing a Child - 2C:13-6,Enticing a Child - 2C:13-6,Juvenile-Related Incidents,Routine,2C,Current CAD,Approved,
Escape - 2C:29-5,Escape - 2C:29-5,Criminal Incidents,Emergency,2C,Current CAD,Approved,
Escort - Money,Escort - Money,Assistance and Mutual Aid,Routine,,Current CAD,Approved,
Evidence Delivery,Evidence Delivery,Investigations and Follow-Ups,Routine,,Current CAD,Approved,
Evidence Retrieval,Evidence Retrieval,Investigations and Follow-Ups,Routine,,Current CAD,Approved,
Evidence Tampering - 2C:28-6,Evidence Tampering - 2C:28-6,Criminal Incidents,Routine,2C,Current CAD,Approved,
Exceptionally Cleared/Closed,Exceptionally Cleared/closed,Administrative and Support,Routine,,Current CAD,Approved,
Expungement,Expungement,Administrative and Support,Routine,,Current CAD,Approved,
FTO Documentation,FTO Documentation,Administrative and Support,Routine,,Current CAD,Approved,
Facial Recognition Request,Facial Recognition Request,Investigations and Follow-Ups,Routine,,Current CAD,Approved,
False Imprisonment - 2C:13-3,False Imprisonment - 2C:13-3,Criminal Incidents,Emergency,2C,Current CAD,Approved,
False Public Alarm - 2C:33-3,False Public Alarm - 2C:33-3,Criminal Incidents,Routine,2C,Current CAD,Approved,
False Reports - 2C:28-4,False Reports - 2C:28-4,Criminal Incidents,Routine,2C,Current CAD,Approved,
False Swearing - 2C:28-2,False Swearing - 2C:28-2,Criminal Incidents,Routine,2C,Current CAD,Approved,
Fear of Bodily Violence - 2C:33-10,Fear of Bodily Violence - 2C:33-10,Criminal Incidents,Emergency,2C,Current CAD,Approved,
Fencing - 2C:20-7.1,Fencing - 2C:20-7.1,Criminal Incidents,Routine,2C,Current CAD,Approved,
Field Contact/ Information,Field Contact/ Information,Investigations and Follow-Ups,Routine,,Current CAD,Approved,
Fight - Armed,Fight - Armed,Emergency Response,Emergency,,Current CAD,Approved,
Fight - Unarmed,Fight - Unarmed,Emergency Response,Emergency,,Current CAD,Approved,
Fingerprints,Fingerprints,Administrative and Support,Routine,,Current CAD,Approved,
Fire,Fire,Emergency Response,Emergency,,Current CAD,Approved,
Fire Call,Fire Call,Emergency Response,Emergency,,Current CAD,Approved,
Fire Department Call,Fire Department Call,Assistance and Mutual Aid,Urgent,,Current CAD,Approved,
Fireworks Complaint,Fireworks Complaint,Regulatory and Ordinance,Routine,,Current CAD,Approved,
Fish and Game Violation Title 23,Fish and Game Violation Title 23,Regulatory and Ordinance,Routine,,Current CAD,Approved,
Follow-up Investigation,Follow-up Investigation,Administrative and Support,Routine,,Current CAD,Approved,
Food/Drug Tampering - 2C:40-17,Food/drug Tampering - 2C:40-17,Criminal Incidents,Routine,2C,Current CAD,Approved,
Forgery - 2C:21-1,Forgery - 2C:21-1,Criminal Incidents,Routine,2C,Current CAD,Approved,
Forgery 2C:21-1,Forgery 2C:21-1,Miscellaneous,Routine,,Current CAD,Approved,
Fraud,Fraud,Criminal Incidents,Routine,,Current CAD,Approved,
Fugitive from Justice,Fugitive From Justice,Criminal Incidents,Emergency,,Current CAD,Approved,
Funeral Escort,Funeral Escort,Assistance and Mutual Aid,Routine,,Current CAD,Approved,
Gang Intelligence,Gang Intelligence,Criminal Incidents,Routine,,Current CAD,Approved,
General Information,General Information,Administrative and Support,Routine,,Current CAD,Approved,
General Investigation,General Investigation,Investigations and Follow-Ups,Routine,,Current CAD,Approved,
Generated in Error,Generated in Error,Administrative and Support,Routine,,Current CAD,Approved,
Generator Test,Generator Test,Administrative and Support,Routine,,Current CAD,Approved,
Gifts/Public Servant - 2C:27-6,Gifts/public Servant - 2C:27-6,Criminal Incidents,Routine,2C,Current CAD,Approved,
Good Conduct Letter Request,Good Conduct Letter Request,Administrative and Support,Routine,,Current CAD,Approved,
Group,Group,Administrative and Support,Routine,,Current CAD,Approved,
HAZ-MAT Incident,HAZ-MAT Incident,Emergency Response,Emergency,,Current CAD,Approved,
HQ Assignment,HQ Assignment,Administrative and Support,Routine,,Current CAD,Approved,
Handle With Care - Notification,Handle with Care - Notification,Emergency Response,Emergency,,Current CAD,Approved,
Harassment,Harassment,Criminal Investigation,Urgent,,Current CAD,Approved,
Harassment - 2C:33-4,Harassment - 2C:33-4,Criminal Incidents,Routine,2C,Current CAD,Approved,
Harassment 2C:33-4,Harassment 2C:33-4,Criminal Investigation,Urgent,,Current CAD,Approved,
Hazard - Pothole,Hazard - Pothole,Traffic and Motor Vehicle,Routine,,Current CAD,Approved,
Hazard All Other,Hazard All Other,Public Safety and Welfare,Urgent,,Current CAD,Approved,
Hazardous Condition - Health / Welfare,Hazardous Condition - Health / Welfare,Public Safety and Welfare,Urgent,,Current CAD,Approved,
Hazardous Condition - Sewer Call,Hazardous Condition - Sewer Call,Public Safety and Welfare,Urgent,,Current CAD,Approved,
Hazardous Road Condition - Flooding,Hazardous Road Condition - Flooding,Traffic and Motor Vehicle,Urgent,,Current CAD,Approved,
Hazardous Road Condition - General,Hazardous Road Condition - General,Traffic and Motor Vehicle,Urgent,,Current CAD,Approved,
Hazardous Road Condition - Ice,Hazardous Road Condition - Ice,Traffic and Motor Vehicle,Urgent,,Current CAD,Approved,
Hindering Apprehension - 2C:29-3,Hindering Apprehension - 2C:29-3,Criminal Incidents,Routine,2C,Current CAD,Approved,
Hit and Run,Hit and Run,Traffic and Motor Vehicle,Urgent,,Current CAD,Approved,
Homicide - 2C:11-2,Homicide - 2C:11-2,Criminal Incidents,Emergency,2C,Current CAD,Approved,
Hostage Situation,Hostage Situation,Emergency Response,Emergency,,Current CAD,Approved,
Hypodermic/Possession - 2C:36-6,Hypodermic/possession - 2C:36-6,Criminal Incidents,Routine,2C,Current CAD,Approved,
ICE Notification,ICE Notification,Administrative and Support,Routine,,Current CAD,Approved,
Identity Theft,Identity Theft,Criminal Incidents,Routine,,Current CAD,Approved,
Illegal Dumping,Illegal Dumping,Regulatory and Ordinance,Routine,,Current CAD,Approved,
Imitation CDS - 2C:35-11,Imitation CDS - 2C:35-11,Criminal Incidents,Routine,2C,Current CAD,Approved,
Impersonating Public Servant - 2C:28-9,Impersonating Public Servant - 2C:28-9,Criminal Incidents,Routine,2C,Current CAD,Approved,
Implements for Escape - 2C:29-6,Implements for Escape - 2C:29-6,Criminal Incidents,Routine,2C,Current CAD,Approved,
Improper Records,Improper Records,Administrative and Support,Routine,,Current CAD,Approved,
Information,Information,Administrative and Support,Routine,,Current CAD,Approved,
Injured On Duty,Injured on Duty,Public Safety and Welfare,Urgent,,Current CAD,Approved,
Injury/Law Enforce. Animals - 2C:29-3.1,Injury/law Enforce. Animals - 2C:29-3.1,Criminal Incidents,Routine,2C,Current CAD,Approved,
Insecure Building,Insecure Building,Public Safety and Welfare,Urgent,,Current CAD,Approved,
Interception/Emerg. Comm. - 2C:33-21,Interception/emerg. Comm. - 2C:33-21,Criminal Incidents,Routine,2C,Current CAD,Approved,
Interference - 2C:29-1,Interference - 2C:29-1,Criminal Incidents,Routine,2C,Current CAD,Approved,
Interference With Custody - 2C:13-4,Interference with Custody - 2C:13-4,Criminal Incidents,Routine,2C,Current CAD,Approved,
Interference w/Transport. - 2C:33-14,Interference W/transport. - 2C:33-14,Criminal Incidents,Routine,2C,Current CAD,Approved,
Interference/Railway Signals - 2C:33-14.1,Interference/railway Signals - 2C:33-14.1,Criminal Incidents,Routine,2C,Current CAD,Approved,
Intoxicated Person,Intoxicated Person,Public Safety and Welfare,Routine,,Current CAD,Approved,
Invasion of Privacy - Observing,Invasion of Privacy - Observing,Criminal Incidents,Routine,,Current CAD,Approved,
Investigation - Follow-Up,Investigation - Follow-up,Investigations and Follow-Ups,Routine,,Current CAD,Approved,
Investigation-Follow up,Investigation-follow Up,Administrative and Support,Routine,,Current CAD,Approved,
Juvenile Complaint (Criminal),Juvenile Complaint (criminal),Juvenile-Related Incidents,Urgent,,Current CAD,Approved,
Juvenile Complaint (Non-Criminal),Juvenile Complaint (non-criminal),Juvenile-Related Incidents,Routine,,Current CAD,Approved,
Juvenile Complaint Signed,Juvenile Complaint Signed,Juvenile-Related Incidents,Routine,,Current CAD,Approved,
Juvenile Investigation,Juvenile Investigation,Juvenile-Related Incidents,Routine,,Current CAD,Approved,
Kidnapping - 2C:13-1,Kidnapping - 2C:13-1,Criminal Incidents,Emergency,2C,Current CAD,Approved,
Landlord / Tenant Dispute,Landlord / Tenant Dispute,Public Safety and Welfare,Urgent,,Current CAD,Approved,
Leaving Scene of an Acc. - 39:4-129,Leaving Scene of an Acc. - 39:4-129,Traffic and Motor Vehicle,Routine,39,Current CAD,Approved,
Lewdness - 2C:14-4,Lewdness - 2C:14-4,Criminal Incidents,Routine,2C,Current CAD,Approved,
Lewdness 2C:14-4,Lewdness 2C:14-4,Miscellaneous,Routine,,Current CAD,Approved,
License Plate-Lost/Stolen,License Plate-lost/stolen,Traffic and Motor Vehicle,Routine,,Current CAD,Approved,
Lo-Jack Hit - Tracking Signal,Lo-jack Hit - Tracking Signal,Investigations and Follow-Ups,Urgent,,Current CAD,Approved,
Lock-Out Residence,Lock-out Residence,Assistance and Mutual Aid,Routine,,Current CAD,Approved,
Loitering/CDS Offense - 2C:33-2.1,Loitering/cds Offense - 2C:33-2.1,Criminal Incidents,Routine,2C,Current CAD,Approved,
M.V. Master Keys - 2C:5-6,M.V. Master Keys - 2C:5-6,Criminal Incidents,Routine,2C,Current CAD,Approved,
Maintaining a Nuisance - 2C:33-12,Maintaining a Nuisance - 2C:33-12,Criminal Incidents,Routine,2C,Current CAD,Approved,
Manslaughter - 2C:11-4,Manslaughter - 2C:11-4,Criminal Incidents,Emergency,2C,Current CAD,Approved,
Meal Break,Meal Break,Administrative and Support,Routine,,Current CAD,Approved,
Medical Call,Medical Call,Public Safety and Welfare,Routine,,Current CAD,Approved,
Medical Call - Oxygen,Medical Call - Oxygen,Public Safety and Welfare,Emergency,,Current CAD,Approved,
Medical Call/Injury,Medical Call/injury,Public Safety and Welfare,Urgent,,Current CAD,Approved,
Meeting,Meeting,Administrative and Support,Routine,,Current CAD,Approved,
Megan's Law Violation,Megan's Law Violation,Criminal Incidents,Urgent,,Current CAD,Approved,
Mental Health Crisis,Mental Health Crisis,Emergency Response,Urgent,,Current CAD,Approved,
Mental Health Incident,Mental Health Incident,Public Safety and Welfare,Emergency,,Current CAD,Approved,
Missing Person,Missing Person,Miscellaneous,Routine,,Current CAD,Approved,
Missing Person - Adult,Missing Person - Adult,Investigations and Follow-Ups,Urgent,,Current CAD,Approved,
Missing Person - Juvenile,Missing Person - Juvenile,Juvenile-Related Incidents,Urgent,,Current CAD,Approved,
Missing Person - Return - Adult,Missing Person - Return - Adult,Investigations and Follow-Ups,Routine,,Current CAD,Approved,
Missing Person - Return - Juvenile,Missing Person - Return - Juvenile,Juvenile-Related Incidents,Routine,,Current CAD,Approved,
Money Laundering,Money Laundering,Criminal Incidents,Routine,,Current CAD,Approved,
Motor Vehicle - Private Property Tow,Motor Vehicle - Private Property Tow,Traffic and Motor Vehicle,Routine,,Current CAD,Approved,
Motor Vehicle Complaint,Motor Vehicle Complaint,Traffic and Motor Vehicle,Routine,,Current CAD,Approved,
Motor Vehicle Crash,Motor Vehicle Crash,Traffic and Motor Vehicle,Urgent,,Current CAD,Approved,
Motor Vehicle Crash - Bicyclist Struck,Motor Vehicle Crash - Bicyclist Struck,Traffic and Motor Vehicle,Emergency,,Current CAD,Approved,
Motor Vehicle Crash - Hit and Run,Motor Vehicle Crash - Hit and Run,Traffic and Motor Vehicle,Emergency,,Current CAD,Approved,
Motor Vehicle Crash - Pedestrian Struck,Motor Vehicle Crash - Pedestrian Struck,Traffic and Motor Vehicle,Emergency,,Current CAD,Approved,
Motor Vehicle Crash - Police Vehicle,Motor Vehicle Crash - Police Vehicle,Traffic and Motor Vehicle,Routine,,Current CAD,Approved,
Motor Vehicle Crash - w/injury,Motor Vehicle Crash - W/injury,Traffic and Motor Vehicle,Emergency,,Current CAD,Approved,
Motor Vehicle Impound,Motor Vehicle Impound,Traffic and Motor Vehicle,Routine,,Current CAD,Approved,
Motor Vehicle Lock-out,Motor Vehicle Lock-out,Assistance and Mutual Aid,Routine,,Current CAD,Approved,
Motor Vehicle Stop,Motor Vehicle Stop,Traffic and Motor Vehicle,Urgent,,Current CAD,Approved,
Motor Vehicle Theft - 2C:20-3,Motor Vehicle Theft - 2C:20-3,Criminal Incidents,Routine,2C,Current CAD,Approved,
Motor Vehicle Theft 2C:20-3,Motor Vehicle Theft 2C:20-3,Criminal Investigation,Urgent,,Current CAD,Approved,
Motor Vehicle Violation,Motor Vehicle Violation,Traffic and Motor Vehicle,Routine,,Current CAD,Approved,
Motor Vehicle Violation - Commercial Vehicle,Motor Vehicle Violation - Commercial Vehicle,Traffic and Motor Vehicle,Routine,,Current CAD,Approved,
Motor Vehicle Violation - Private Property,Motor Vehicle Violation - Private Property,Traffic and Motor Vehicle,Routine,,Current CAD,Approved,
Municipal Property/Building Check,Municipal Property/building Check,Public Safety and Welfare,Routine,,Current CAD,Approved,
Murder - 2C:11-3,Murder - 2C:11-3,Criminal Incidents,Emergency,2C,Current CAD,Approved,
Mutual Aid - E.M.S.,Mutual Aid - E.M.S.,Assistance and Mutual Aid,Routine,,Current CAD,Approved,
Mutual Aid - Fire,Mutual Aid - Fire,Assistance and Mutual Aid,Routine,,Current CAD,Approved,
Mutual Aid - Police,Mutual Aid - Police,Assistance and Mutual Aid,Routine,,Current CAD,Approved,
NARCAN Deployment - Adult - Aid,NARCAN Deployment - Adult - Aid,Public Safety and Welfare,Emergency,,Current CAD,Approved,
NARCAN Deployment - Juvenile - Aid,NARCAN Deployment - Juvenile - Aid,Juvenile-Related Incidents,Emergency,,Current CAD,Approved,
NCIC Record,NCIC Record,Administrative and Support,Routine,,Current CAD,Approved,
Narcotics Investigation,Narcotics Investigation,Investigations and Follow-Ups,Urgent,,Current CAD,Approved,
No Investigation,No Investigation,Administrative and Support,Routine,,Current CAD,Approved,
Noise Complaint,Noise Complaint,Regulatory and Ordinance,Routine,,Current CAD,Approved,
Non-Emergency Assist,Non-emergency Assist,Assistance and Mutual Aid,Routine,,Current CAD,Approved,
Non-Support - 2C:24-5,Non-support - 2C:24-5,Criminal Incidents,Routine,2C,Current CAD,Approved,
Notification Request,Notification Request,Administrative and Support,Routine,,Current CAD,Approved,
OPRA Request,OPRA Request,Administrative and Support,Routine,,Current CAD,Approved,
Obscenity - Over 18 yrs. - 2C:34-2,Obscenity - Over 18 Yrs. - 2C:34-2,Criminal Incidents,Routine,2C,Current CAD,Approved,
Obscenity - Under 18 yrs. - 2C:34-3,Obscenity - Under 18 Yrs. - 2C:34-3,Criminal Incidents,Routine,2C,Current CAD,Approved,
Obscenity Public Comm. - 2C:34-4,Obscenity Public Comm. - 2C:34-4,Criminal Incidents,Routine,2C,Current CAD,Approved,
Obscenity Retail Display - 2C:34-3.2,Obscenity Retail Display - 2C:34-3.2,Criminal Incidents,Routine,2C,Current CAD,Approved,
Obstructing Highways/Pass. - 2C:33-7,Obstructing Highways/pass. - 2C:33-7,Criminal Incidents,Emergency,2C,Current CAD,Approved,
Obstruction of Govermental Function,Obstruction of Govermental Function,Criminal Incidents,Routine,,Current CAD,Approved,
Obstruction of Governmental Function,Obstruction of Governmental Function,Criminal Incidents,Urgent,,Current CAD,Approved,
Off the Air,Off the Air,Administrative and Support,Routine,,Current CAD,Approved,
Official Misconduct - 2C:30-2,Official Misconduct - 2C:30-2,Criminal Incidents,Routine,2C,Current CAD,Approved,
Overdose,Overdose,Emergency Response,Emergency,,Current CAD,Approved,
Overdose - Adult - Aid,Overdose - Adult - Aid,Public Safety and Welfare,Emergency,,Current CAD,Approved,
Overdose - Juvenile - Aid,Overdose - Juvenile - Aid,Juvenile-Related Incidents,Emergency,,Current CAD,Approved,
Overnight Parking,Overnight Parking,Traffic and Motor Vehicle,Routine,,Current CAD,Approved,
PRD Activation,PRD Activation,Special Operations and Tactical,Emergency,,Current CAD,Approved,
Paging Device/Illicit Use - 2C:33-20,Paging Device/illicit Use - 2C:33-20,Criminal Incidents,Routine,2C,Current CAD,Approved,
Paging Device/Minors - 2C:33-18,Paging Device/minors - 2C:33-18,Criminal Incidents,Routine,2C,Current CAD,Approved,
Paging Device/Student - 2C:33-19,Paging Device/student - 2C:33-19,Criminal Incidents,Routine,2C,Current CAD,Approved,
Parking Complaint,Parking Complaint,Traffic and Motor Vehicle,Routine,,Current CAD,Approved,
Parking Offense,Parking Offense,Traffic and Motor Vehicle,Routine,,Current CAD,Approved,
Parking Violation,Parking Violation,Traffic and Motor Vehicle,Routine,,Current CAD,Approved,
Parks Department Needed,Parks Department Needed,Assistance and Mutual Aid,Routine,,Current CAD,Approved,
Parole/Probation Registry,Parole/probation Registry,Administrative and Support,Routine,,Current CAD,Approved,
Patrol Check,Patrol Check,Public Safety and Welfare,Routine,,Current CAD,Approved,
Patrol Check - Extra Duty Detail,Patrol Check - Extra Duty Detail,Public Safety and Welfare,Routine,,Current CAD,Approved,
Pawned Item(s),Pawned Item(s),Investigations and Follow-Ups,Routine,,Current CAD,Approved,
Peace Officer,Peace Officer,Administrative and Support,Routine,,Current CAD,Approved,
Perjury 2C:28-1,Perjury 2C:28-1,Criminal Incidents,Routine,,Current CAD,Approved,
Photography,Photography,Administrative and Support,Routine,,Current CAD,Approved,
Police Assist,Police Assist,Assistance and Mutual Aid,Routine,,Current CAD,Approved,
Poss. CDS in MV - 39:4-49.1,Poss. CDS in MV - 39:4-49.1,Traffic and Motor Vehicle,Routine,39,Current CAD,Approved,
Presentation Community Policing,Presentation Community Policing,Community Engagement,Routine,,Current CAD,Approved,
Prisoner Log,Prisoner Log,Administrative and Support,Routine,,Current CAD,Approved,
Prisoner Transport,Prisoner Transport,Administrative and Support,Routine,,Current CAD,Approved,
Prohibited Weapons - 2C:39-3,Prohibited Weapons - 2C:39-3,Criminal Incidents,Emergency,2C,Current CAD,Approved,
Property - Found,Property - Found,Investigations and Follow-Ups,Routine,,Current CAD,Approved,
Property - Lost,Property - Lost,Investigations and Follow-Ups,Routine,,Current CAD,Approved,
Property Check,Property Check,Patrol and Prevention,Routine,,Current CAD,Approved,
Property Damage (City Property),Property Damage (city Property),Miscellaneous,Routine,,Current CAD,Approved,
Property Damage (Non-Criminal),Property Damage (non-criminal),Miscellaneous,Routine,,Current CAD,Approved,
Property Damage (Police Vehicle),Property Damage (police Vehicle),Miscellaneous,Routine,,Current CAD,Approved,
Property Damage - City Property,Property Damage - City Property,Public Safety and Welfare,Routine,,Current CAD,Approved,
Property Damage - Non-Criminal,Property Damage - Non-criminal,Public Safety and Welfare,Routine,,Current CAD,Approved,
Property Damage - Police Vehicle,Property Damage - Police Vehicle,Administrative and Support,Routine,,Current CAD,Approved,
Property Disposition,Property Disposition,Administrative and Support,Routine,,Current CAD,Approved,
Property Recovered - Stolen,Property Recovered - Stolen,Investigations and Follow-Ups,Routine,,Current CAD,Approved,
Property Return,Property Return,Administrative and Support,Routine,,Current CAD,Approved,
Property Returned - Court Ordered,Property Returned - Court Ordered,Administrative and Support,Routine,,Current CAD,Approved,
Property Returned - Lost and Found,Property Returned - Lost and Found,Administrative and Support,Routine,,Current CAD,Approved,
Prostitution - 2C:34-1,Prostitution - 2C:34-1,Criminal Incidents,Routine,2C,Current CAD,Approved,
Public Safety/Sr. Citizens - 2C:24-8,Public Safety/sr. Citizens - 2C:24-8,Criminal Incidents,Routine,2C,Current CAD,Approved,
Public Works Assist,Public Works Assist,Community Engagement,Routine,,Current CAD,Approved,
Pursuit - Foot,Pursuit - Foot,Special Operations and Tactical,Emergency,,Current CAD,Approved,
Pursuit - Motor Vehicle,Pursuit - Motor Vehicle,Special Operations and Tactical,Emergency,,Current CAD,Approved,
RDF Deployment,RDF Deployment,Special Operations and Tactical,Emergency,,Current CAD,Approved,
RDT Deployment,RDT Deployment,Special Operations and Tactical,Emergency,,Current CAD,Approved,
Radar Detail,Radar Detail,Traffic and Motor Vehicle,Routine,,Current CAD,Approved,
Radar Trailer Deployed,Radar Trailer Deployed,Traffic and Motor Vehicle,Routine,,Current CAD,Approved,
Radio Coverage,Radio Coverage,Administrative and Support,Routine,,Current CAD,Approved,
Receiving Stolen Property - 2C:20-7,Receiving Stolen Property - 2C:20-7,Criminal Incidents,Routine,2C,Current CAD,Approved,
Reckless Endangerment - 2C:12-2,Reckless Endangerment - 2C:12-2,Criminal Incidents,Routine,2C,Current CAD,Approved,
Records Request,Records Request,Administrative and Support,Routine,,Current CAD,Approved,
Records Request - DCPP (DYFS),Records Request - DCPP (DYFS),Administrative and Support,Routine,,Current CAD,Approved,
Recovered Stolen - Article,Recovered Stolen - Article,Investigations and Follow-Ups,Routine,,Current CAD,Approved,
Recovered Stolen - Firearm,Recovered Stolen - Firearm,Investigations and Follow-Ups,Routine,,Current CAD,Approved,
Recovered Stolen License Plate,Recovered Stolen License Plate,Investigations and Follow-Ups,Routine,,Current CAD,Approved,
Recovered Stolen Vehicle,Recovered Stolen Vehicle,Investigations and Follow-Ups,Routine,,Current CAD,Approved,
Refuel Vehicle,Refuel Vehicle,Administrative and Support,Routine,,Current CAD,Approved,
Relief / Personal,Relief / Personal,Administrative and Support,Routine,,Current CAD,Approved,
Repossessed Motor Vehicle,Repossessed Motor Vehicle,Traffic and Motor Vehicle,Routine,,Current CAD,Approved,
Resisting Arrest/Eluding - 2C:29-2,Resisting Arrest/eluding - 2C:29-2,Criminal Incidents,Emergency,2C,Current CAD,Approved,
Retaliation/Official Action - 2C:27-5,Retaliation/official Action - 2C:27-5,Criminal Incidents,Routine,2C,Current CAD,Approved,
Riot - Failure to Disperse - 2C:33-1,Riot - Failure to Disperse - 2C:33-1,Criminal Incidents,Emergency,2C,Current CAD,Approved,
Road Hazard,Road Hazard,Traffic and Motor Vehicle,Routine,,Current CAD,Approved,
Road Job/Outside Assignment,Road Job/outside Assignment,Administrative and Support,Routine,,Current CAD,Approved,
Robbery,Robbery,Criminal Investigation,Urgent,,Current CAD,Approved,
Robbery - 2C:15-1,Robbery - 2C:15-1,Criminal Incidents,Emergency,2C,Current CAD,Approved,
Robbery 2C:15-1,Robbery 2C:15-1,Criminal Investigation,Urgent,,Current CAD,Approved,
Sale of Cigarettes to Minors - 2A:170-51,Sale of Cigarettes to Minors - 2A:170-51,Regulatory and Ordinance,Routine,,Current CAD,Approved,
School Crossing,School Crossing,Community Engagement,Routine,,Current CAD,Approved,
School Detail,School Detail,Community Engagement,Routine,,Current CAD,Approved,
Search Warrant Execution - CDW,Search Warrant Execution - CDW,Investigations and Follow-Ups,Urgent,,Current CAD,Approved,
Search Warrant Execution - Structure,Search Warrant Execution - Structure,Investigations and Follow-Ups,Urgent,,Current CAD,Approved,
Search Warrant Execution - Vehicle,Search Warrant Execution - Vehicle,Investigations and Follow-Ups,Urgent,,Current CAD,Approved,
Search Warrant Execution- Structure,Search Warrant Execution- Structure,Special Operations and Tactical,Urgent,,Current CAD,Approved,
Service - FERPO,Service - FERPO,Emergency Response,Emergency,,Current CAD,Approved,
Service - FRO,Service - FRO,Criminal Incidents,Routine,,Current CAD,Approved,
Service - Subpoena,Service - Subpoena,Administrative and Support,Routine,,Current CAD,Approved,
Service - Summons,Service - Summons,Administrative and Support,Routine,,Current CAD,Approved,
Service - TERPO,Service - TERPO,Emergency Response,Emergency,,Current CAD,Approved,
Service - TRO,Service - TRO,Criminal Incidents,Routine,,Current CAD,Approved,
Service - Warrant,Service - Warrant,Uncategorized,Routine,,Current CAD,Approved,
Service of TRO / FRO,Service of TRO / FRO,Administrative and Support,Routine,,Current CAD,Approved,
Serving Alcohol to Minors - 2C:33-17,Serving Alcohol to Minors - 2C:33-17,Regulatory and Ordinance,Routine,2C,Current CAD,Approved,
Sex Offender - Address Verification,Sex Offender - Address Verification,Investigations and Follow-Ups,Routine,,Current CAD,Approved,
Sex Offender - General,Sex Offender - General,Administrative and Support,Routine,,Current CAD,Approved,
Sex Offender - Intent to Move,Sex Offender - Intent to Move,Investigations and Follow-Ups,Routine,,Current CAD,Approved,
Sex Offender - Serve Documents,Sex Offender - Serve Documents,Administrative and Support,Routine,,Current CAD,Approved,
Sex Offender - Serve Tier Papers,Sex Offender - Serve Tier Papers,Administrative and Support,Routine,,Current CAD,Approved,
Sex Offender - Travel,Sex Offender - Travel,Administrative and Support,Routine,,Current CAD,Approved,
Sex Offender Investigation,Sex Offender Investigation,Investigations and Follow-Ups,Routine,,Current CAD,Approved,
Sex Offender Registration,Sex Offender Registration,Administrative and Support,Routine,,Current CAD,Approved,
Sex Offender Registration - Employment,Sex Offender Registration - Employment,Administrative and Support,Routine,,Current CAD,Approved,
Sex Offender Registration - School Enrollment,Sex Offender Registration - School Enrollment,Administrative and Support,Routine,,Current CAD,Approved,
Sex Offender- Address Verification,Sex Offender- Address Verification,Uncategorized,Routine,,Current CAD,Approved,
Sex Offender-Removal Order,Sex Offender-removal Order,Administrative and Support,Routine,,Current CAD,Approved,
Sex Offender-Serve Tier Papers,Sex Offender-serve Tier Papers,Uncategorized,Routine,,Current CAD,Approved,
Sexual Assault - 2C:14-2b,Sexual Assault - 2C:14-2B,Criminal Incidents,Emergency,2C,Current CAD,Approved,
Sexual Assault 2C:14-2b,Sexual Assault 2c:14-2b,Criminal Investigation,Urgent,,Current CAD,Approved,
Shooting,Shooting,Emergency Response,Emergency,,Current CAD,Approved,
Shoplifting - 2C:20-11,Shoplifting - 2C:20-11,Criminal Incidents,Urgent,2C,Current CAD,Approved,
Shoplifting 2C:20-11,Shoplifting 2C:20-11,Criminal Investigation,Urgent,,Current CAD,Approved,
Shopping Cart,Shopping Cart,Public Safety and Welfare,Routine,,Current CAD,Approved,
Shots Fired Investigation,Shots Fired Investigation,Emergency Response,Emergency,,Current CAD,Approved,
Simple Assault - 2C:12-1a,Simple Assault - 2C:12-1A,Criminal Incidents,Routine,2C,Current CAD,Approved,
Simple Assault 2C:12-1a,Simple Assault 2c:12-1a,Criminal Investigation,Urgent,,Current CAD,Approved,
Slugs - 2C:21-18,Slugs - 2C:21-18,Criminal Incidents,Routine,2C,Current CAD,Approved,
Smoking Prohibited,Smoking Prohibited,Regulatory and Ordinance,Routine,,Current CAD,Approved,
Snow Plowed onto Public Street,Snow Plowed Onto Public Street,Regulatory and Ordinance,Routine,,Current CAD,Approved,
Snow Removal,Snow Removal,Regulatory and Ordinance,Routine,,Current CAD,Approved,
Special Assignment,Special Assignment,Administrative and Support,Routine,,Current CAD,Approved,
Stabbing,Stabbing,Emergency Response,Emergency,,Current CAD,Approved,
Stalking - 2C:12-10,Stalking - 2C:12-10,Criminal Incidents,Routine,2C,Current CAD,Approved,
Stationhouse Adjustment,Stationhouse Adjustment,Juvenile-Related Incidents,Routine,,Current CAD,Approved,
Stolen Article,Stolen Article,Criminal Incidents,Routine,,Current CAD,Approved,
Stranded Party,Stranded Party,Assistance and Mutual Aid,Routine,,Current CAD,Approved,
Street Light,Street Light,Public Safety and Welfare,Routine,,Current CAD,Approved,
Structure Damage,Structure Damage,Public Safety and Welfare,Urgent,,Current CAD,Approved,
Sudden Death Investigation,Sudden Death Investigation,Emergency Response,Emergency,,Current CAD,Approved,
Suicidal Party,Suicidal Party,Public Safety and Welfare,Emergency,,Current CAD,Approved,
Suicide,Suicide,Emergency Response,Emergency,,Current CAD,Approved,
Suicide Threat,Suicide Threat,Emergency Response,Emergency,,Current CAD,Approved,
Summons,Summons,Criminal Incidents,Routine,,Current CAD,Approved,
Surrender of Ammunition,Surrender of Ammunition,Administrative and Support,Routine,,Current CAD,Approved,
Surrender of Weapon,Surrender of Weapon,Administrative and Support,Routine,,Current CAD,Approved,
Surrendered Firearm ID Card,Surrendered Firearm ID Card,Administrative and Support,Routine,,Current CAD,Approved,
Surrendered License Plates,Surrendered License Plates,Administrative and Support,Routine,,Current CAD,Approved,
Suspended Drivers License - 39:3-40,Suspended Drivers License - 39:3-40,Traffic and Motor Vehicle,Routine,39,Current CAD,Approved,
Suspended Drivers License 39:3-40,Suspended Drivers License 39:3-40,Traffic and Motor Vehicle,Routine,,Current CAD,Approved,
Suspended Registration - 39:3-40,Suspended Registration - 39:3-40,Traffic and Motor Vehicle,Routine,39,Current CAD,Approved,
Suspended Registration 39:3-40,Suspended Registration 39:3-40,Traffic and Motor Vehicle,Routine,,Current CAD,Approved,
Suspicious Activity,Suspicious Activity,Patrol and Prevention,Routine,,Current CAD,Approved,
Suspicious Activity Report,Suspicious Activity Report,Investigations and Follow-Ups,Routine,,Current CAD,Approved,
Suspicious Activity Submission,Suspicious Activity Submission,Investigations and Follow-Ups,Routine,,Current CAD,Approved,
Suspicious Incident,Suspicious Incident,Investigations and Follow-Ups,Urgent,,Current CAD,Approved,
Suspicious Item,Suspicious Item,Investigations and Follow-Ups,Routine,,Current CAD,Approved,
Suspicious Person,Suspicious Person,Investigations and Follow-Ups,Urgent,,Current CAD,Approved,
Suspicious Vehicle,Suspicious Vehicle,Investigations and Follow-Ups,Urgent,,Current CAD,Approved,
TAPS - Business,TAPS - Business,Public Safety and Welfare,Routine,,Current CAD,Approved,
TAPS - ESU - Business,TAPS - ESU - Business,Special Operations and Tactical,Routine,,Current CAD,Approved,
TAPS - ESU - Medical Facility,TAPS - ESU - Medical Facility,Special Operations and Tactical,Routine,,Current CAD,Approved,
TAPS - ESU - Park,TAPS - ESU - Park,Special Operations and Tactical,Routine,,Current CAD,Approved,
TAPS - ESU - Parking Garage,TAPS - ESU - Parking Garage,Special Operations and Tactical,Routine,,Current CAD,Approved,
TAPS - ESU - Religious Facility,TAPS - ESU - Religious Facility,Special Operations and Tactical,Routine,,Current CAD,Approved,
TAPS - ESU - School,TAPS - ESU - School,Special Operations and Tactical,Routine,,Current CAD,Approved,
TAPS - Housing,TAPS - Housing,Public Safety and Welfare,Routine,,Current CAD,Approved,
TAPS - Medical Facility,TAPS - Medical Facility,Public Safety and Welfare,Routine,,Current CAD,Approved,
TAPS - Other,TAPS - Other,Public Safety and Welfare,Routine,,Current CAD,Approved,
TAPS - Park,TAPS - Park,Public Safety and Welfare,Routine,,Current CAD,Approved,
TAPS - Parking Garage,TAPS - Parking Garage,Public Safety and Welfare,Routine,,Current CAD,Approved,
TAPS - Religious Facility,TAPS - Religious Facility,Public Safety and Welfare,Routine,,Current CAD,Approved,
TAPS - School,TAPS - School,Public Safety and Welfare,Routine,,Current CAD,Approved,
TAS Alert - Stolen License Plate,TAS Alert - Stolen License Plate,Investigations and Follow-Ups,Urgent,,Current CAD,Approved,
TOT DCP&P,TOT DCP&P,Juvenile-Related Incidents,Routine,,Current CAD,Approved,
Tampering: Public Records - 2C:28-7,Tampering: Public Records - 2C:28-7,Criminal Incidents,Routine,2C,Current CAD,Approved,
Tampering: Public Records 2C:28-7,Tampering: Public Records 2C:28-7,Administrative and Support,Routine,,Current CAD,Approved,
Targeted Area Patrol,Targeted Area Patrol,Patrol and Prevention,Routine,,Current CAD,Approved,
Task Assignment,Task Assignment,Administrative and Support,Routine,,Current CAD,Approved,
Temporary Parking,Temporary Parking,Traffic and Motor Vehicle,Routine,,Current CAD,Approved,
Terroristic Threats - 2C:12-3,Terroristic Threats - 2C:12-3,Criminal Incidents,Routine,2C,Current CAD,Approved,
Terroristic Threats 2C:12-3,Terroristic Threats 2C:12-3,Criminal Investigation,Urgent,,Current CAD,Approved,
Theft,Theft,Criminal Investigation,Urgent,,Current CAD,Approved,
Theft - 2C:20-3,Theft - 2C:20-3,Criminal Incidents,Routine,2C,Current CAD,Approved,
Theft 2C:20-3,Theft 2C:20-3,Criminal Investigation,Urgent,,Current CAD,Approved,
Theft by Deception - 2C:20-4,Theft by Deception - 2C:20-4,Criminal Incidents,Routine,2C,Current CAD,Approved,
Theft by Deception 2C:20-4,Theft by Deception 2C:20-4,Criminal Investigation,Urgent,,Current CAD,Approved,
Theft by Extortion - 2C:20-5,Theft by Extortion - 2C:20-5,Criminal Incidents,Routine,2C,Current CAD,Approved,
Theft by Extortion 2C:20-5,Theft by Extortion 2C:20-5,Criminal Investigation,Urgent,,Current CAD,Approved,
Theft of Identity - 2C:21-17,Theft of Identity - 2C:21-17,Criminal Incidents,Routine,2C,Current CAD,Approved,
Theft of Lost/Mislaid Property - 2C:20-6,Theft of Lost/mislaid Property - 2C:20-6,Criminal Incidents,Routine,2C,Current CAD,Approved,
Theft of Lost/Mislaid Property 2C:20-6,Theft of Lost/mislaid Property 2C:20-6,Criminal Investigation,Urgent,,Current CAD,Approved,
Theft of Services - 2C:20-8,Theft of Services - 2C:20-8,Criminal Incidents,Routine,2C,Current CAD,Approved,
Theft of Services 2C:20-8,Theft of Services 2C:20-8,Criminal Investigation,Urgent,,Current CAD,Approved,
Theft/Disposition - 2C:20-9,Theft/disposition - 2C:20-9,Criminal Incidents,Routine,2C,Current CAD,Approved,
Time Check,Time Check,Administrative and Support,Routine,,Current CAD,Approved,
Traffic Bureau Report,Traffic Bureau Report,Traffic and Motor Vehicle,Routine,,Current CAD,Approved,
Traffic Detail,Traffic Detail,Traffic and Motor Vehicle,Routine,,Current CAD,Approved,
Traffic Detail - Road Closure,Traffic Detail - Road Closure,Traffic and Motor Vehicle,Urgent,,Current CAD,Approved,
Traffic Enforcement Detail,Traffic Enforcement Detail,Traffic and Motor Vehicle,Routine,,Current CAD,Approved,
Traffic Hazard,Traffic Hazard,Traffic and Motor Vehicle,Urgent,,Current CAD,Approved,
Traffic Light Malfunction,Traffic Light Malfunction,Traffic and Motor Vehicle,Routine,,Current CAD,Approved,
Traffic Sign / Signal Malfunction,Traffic Sign / Signal Malfunction,Traffic and Motor Vehicle,Urgent,,Current CAD,Approved,
Traffic Violation,Traffic Violation,Traffic and Motor Vehicle,Routine,,Current CAD,Approved,
Training,Training,Administrative and Support,Routine,,Current CAD,Approved,
Training Record,Training Record,Administrative and Support,Routine,,Current CAD,Approved,
Transportation,Transportation,Administrative and Support,Routine,,Current CAD,Approved,
Tree limb down,Tree Limb Down,Public Safety and Welfare,Routine,,Current CAD,Approved,
Trespassing,Trespassing,Criminal Investigation,Routine,,Current CAD,Approved,
Truancy,Truancy,Juvenile-Related Incidents,Routine,,Current CAD,Approved,
U-Visa,U-visa,Administrative and Support,Routine,,Current CAD,Approved,
UAS Operation,UAS Operation,Special Operations and Tactical,Routine,,Current CAD,Approved,
Unauthorized Intercept./Comm. - 2C:33-22,Unauthorized Intercept./comm. - 2C:33-22,Criminal Incidents,Routine,2C,Current CAD,Approved,
Undercover Buy,Undercover Buy,Special Operations and Tactical,Routine,,Current CAD,Approved,
Unfounded Incident,Unfounded Incident,Administrative and Support,Routine,,Current CAD,Approved,
Unfounded/Closed,Unfounded/closed,Administrative and Support,Routine,,Current CAD,Approved,
Uninsured Vehicle - 39:6b-2,Uninsured Vehicle - 39:6B-2,Traffic and Motor Vehicle,Routine,39,Current CAD,Approved,
Unintentional Discharge,Unintentional Discharge,Emergency Response,Emergency,,Current CAD,Approved,
Unknown Investigation,Unknown Investigation,Investigations and Follow-Ups,Routine,,Current CAD,Approved,
Unlawful Possess./Weapons - 2C:39-5,Unlawful Possess./weapons - 2C:39-5,Criminal Incidents,Emergency,2C,Current CAD,Approved,
Unlawful Possess./Weapons 2C:39-5,Unlawful Possess./weapons 2C:39-5,Criminal Investigation,Urgent,,Current CAD,Approved,
Unlawful Taking - 2C:20-10,Unlawful Taking - 2C:20-10,Criminal Incidents,Routine,2C,Current CAD,Approved,
Unlawful Taking 2C:20-10,Unlawful Taking 2C:20-10,Miscellaneous,Routine,,Current CAD,Approved,
Unlawful Use Of 9-1-1 Sys. - 2C:33-3e,Unlawful Use of 9-1-1 Sys. - 2C:33-3E,Criminal Incidents,Routine,2C,Current CAD,Approved,
Unregistered Vehicle - 39:3-4,Unregistered Vehicle - 39:3-4,Traffic and Motor Vehicle,Routine,39,Current CAD,Approved,
Unregistered Vehicle 39:3-4,Unregistered Vehicle 39:3-4,Traffic and Motor Vehicle,Routine,,Current CAD,Approved,
Unsworn Falsification - 2C:28-3,Unsworn Falsification - 2C:28-3,Criminal Incidents,Routine,2C,Current CAD,Approved,
Unwanted Person,Unwanted Person,Public Safety and Welfare,Urgent,,Current CAD,Approved,
Urinating in Public,Urinating in Public,Regulatory and Ordinance,Urgent,,Current CAD,Approved,
Utility Incident,Utility Incident,Public Safety and Welfare,Urgent,,Current CAD,Approved,
Vacant House,Vacant House,Public Safety and Welfare,Routine,,Current CAD,Approved,
Vacation,Vacation,Administrative and Support,Routine,,Current CAD,Approved,
Validation,Validation,Administrative and Support,Routine,,Current CAD,Approved,
Vandalism,Vandalism,Criminal Investigation,Routine,,Current CAD,Approved,
Vehicle Accident,Vehicle Accident,Traffic and Motor Vehicle,Urgent,,Current CAD,Approved,
Vehicle Maintenance,Vehicle Maintenance,Administrative and Support,Routine,,Current CAD,Approved,
Vehicular Homicide - 2C:11-5,Vehicular Homicide - 2C:11-5,Criminal Incidents,Emergency,2C,Current CAD,Approved,
Vending Without Permit,Vending Without Permit,Regulatory and Ordinance,Routine,,Current CAD,Approved,
Violation of Court Order,Violation of Court Order,Criminal Incidents,Urgent,,Current CAD,Approved,
Violation: TRO/ FRO - 2C:29-9b,Violation: TRO/ FRO - 2C:29-9B,Criminal Incidents,Urgent,2C,Current CAD,Approved,
Violation: TRO/ FRO 2C:29-9b,Violation: TRO/ FRO 2c:29-9b,Traffic and Motor Vehicle,Routine,,Current CAD,Approved,
Virtual - Patrol,Virtual - Patrol,Public Safety and Welfare,Routine,,Current CAD,Approved,
Wagering/Official Action - 2C:30-3,Wagering/official Action - 2C:30-3,Criminal Incidents,Routine,2C,Current CAD,Approved,
Warning Issued,Warning Issued,Administrative and Support,Routine,,Current CAD,Approved,
Warrant Arrest,Warrant Arrest,Criminal Incidents,Urgent,,Current CAD,Approved,
Warrant Recall,Warrant Recall,Administrative and Support,Routine,,Current CAD,Approved,
Warrant Service,Warrant Service,Criminal Investigation,Urgent,,Current CAD,Approved,
Weapons - Unlawful Purposes - 2C:39-4,Weapons - Unlawful Purposes - 2C:39-4,Criminal Incidents,Emergency,2C,Current CAD,Approved,
Weapons - Unlawful Purposes 2C:39-4,Weapons - Unlawful Purposes 2C:39-4,Criminal Investigation,Urgent,,Current CAD,Approved,
Weapons Offense,Weapons Offense,Criminal Investigation,Urgent,,Current CAD,Approved,
Weapons Seizure - 2C:25-21d,Weapons Seizure - 2C:25-21D,Criminal Incidents,Routine,2C,Current CAD,Approved,
Weapons Seizure - 2C:25-21d.,Weapons Seizure - 2C:25-21D.,Uncategorized,Routine,2C,Current CAD,Approved,
Weather Alerts,Weather Alerts,Public Safety and Welfare,Routine,,Current CAD,Approved,
Welfare Check,Welfare Check,Public Safety and Welfare,Urgent,,Current CAD,Approved,
Widespread Damage - 2C:17-2,Widespread Damage - 2C:17-2,Criminal Incidents,Emergency,2C,Current CAD,Approved,
Wire Down,Wire Down,Public Safety and Welfare,Urgent,,Current CAD,Approved,
Witness Tampering - 2C:28-5,Witness Tampering - 2C:28-5,Criminal Incidents,Routine,2C,Current CAD,Approved,
Wrongful Impersonating - 2C:21-1,Wrongful Impersonating - 2C:21-1,Criminal Incidents,Routine,2C,Current CAD,Approved,
domestic Dispute,Domestic Dispute,Criminal Investigation,Urgent,,Current CAD,Approved,
shoplifting 2C:20-11,Shoplifting 2C:20-11,Criminal Investigation,Urgent,,Current CAD,Approved,
simple Assault 2C:12-1a,Simple Assault 2c:12-1a,Criminal Investigation,Urgent,,Current CAD,Approved,
targeted Area Patrol,Targeted Area Patrol,Patrol and Prevention,Routine,,Current CAD,Approved,
terroristic Threats 2C:12-3,Terroristic Threats 2C:12-3,Criminal Investigation,Urgent,,Current CAD,Approved,
OOPS Investigation,OOPS Investigation,Investigations and Follow-Ups,Routine,,Current CAD,Approved,
TAS Alert - Missing Person,TAS Alert - Missing Person,Public Safety and Welfare,Urgent,,Current CAD,Approved,
TAS Alert - Stolen Vehicle,TAS Alert - Stolen Vehicle,Public Safety and Welfare,Urgent,,Current CAD,Approved,
TAS Alert - Wanted Person,TAS Alert - Wanted Person,Public Safety and Welfare,Urgent,,Current CAD,Approved,
Underage Possession/Consumption - 2C:33-15,Underage Possession/consumption - 2C:33-15,Criminal Incidents,Routine,2C,Current CAD,Approved,
Applicant ABC License (Server),Applicant ABC License (server),Administrative and Support,Routine,,Current CAD,Approved,
On-Duty Fitness,On-duty Fitness,Administrative and Support,Routine,,Current CAD,Approved,
Oops Investigation,Oops Investigation,Investigations and Follow-Ups,Routine,,Current CAD,Approved,
Tas Alert - Stolen Vehicle,TAS Alert - Stolen Vehicle,Emergency Response,Emergency,,Current CAD,Approved,
Tas Alert - Wanted Person,TAS Alert - Wanted Person,Emergency Response,Urgent,,Current CAD,Approved,
Tas Alert - Missing Person,TAS Alert - Missing Person,Emergency Response,Emergency,,Current CAD,Approved,
Medical Call Oxygen,Medical Call Oxygen,,,,Historical CAD,Needs Review,
Fight -Unarmed,Fight -unarmed,,,,Historical CAD,Needs Review,
Theft  2C:20-3,Theft 2C:20-3,,,,Historical CAD,Needs Review,
Motor Vehicle Violation  Private Property,Motor Vehicle Violation Private Property,,,,Historical CAD,Needs Review,
Motor Vehicle Theft,Motor Vehicle Theft,,,,Historical CAD,Needs Review,
Unlawful Taking  2C:20-10,Unlawful Taking 2C:20-10,,,,Historical CAD,Needs Review,
Domestic Violence  2C:25-21,Domestic Violence 2C:25-21,,,,Historical CAD,Needs Review,
Criminal Mischief  2C:17-3,Criminal Mischief 2C:17-3,,,,Historical CAD,Needs Review,
Applicant Firearm,Applicant Firearm,,,,Historical CAD,Needs Review,
Property  Lost,Property Lost,,,,Historical CAD,Needs Review,
Theft of Services  2C:20-8,Theft of Services 2C:20-8,,,,Historical CAD,Needs Review,
Motor Vehicle Crash  Hit and Run,Motor Vehicle Crash Hit and Run,,,,Historical CAD,Needs Review,
Missing Person- Return,Missing Person- Return,,,,Historical CAD,Needs Review,
Pursuit  Foot,Pursuit Foot,,,,Historical CAD,Needs Review,
Hazardous Condition -Sewer Call,Hazardous Condition -sewer Call,,,,Historical CAD,Needs Review,
Simple Assault  2C:12-1a,Simple Assault 2c:12-1a,,,,Historical CAD,Needs Review,
Docket  Drop Off,Docket Drop Off,,,,Historical CAD,Needs Review,
Property  Found,Property Found,,,,Historical CAD,Needs Review,
Criminal Sexual Contact  2C:14-3a,Criminal Sexual Contact 2c:14-3a,,,,Historical CAD,Needs Review,
Motor Vehicle Crash  Pedestrian Struck,Motor Vehicle Crash Pedestrian Struck,,,,Historical CAD,Needs Review,
Motor Vehicle Crash -  w/injury,Motor Vehicle Crash - W/injury,,,,Historical CAD,Needs Review,
Burglary-Residential,Burglary-residential,,,,Historical CAD,Needs Review,
Harassment  2C:33-4,Harassment 2C:33-4,,,,Historical CAD,Needs Review,
Hazardous Road Condition Flooding,Hazardous Road Condition Flooding,,,,Historical CAD,Needs Review,
Applicant Landscaper/Snow Rem,Applicant Landscaper/snow Rem,,,,Historical CAD,Needs Review,
CDS/Possession: Influence  2C:35-10,Cds/possession: Influence 2C:35-10,,,,Historical CAD,Needs Review,
Shoplifting  2C:20-11,Shoplifting 2C:20-11,,,,Historical CAD,Needs Review,
Terroristic Threats  2C:12-3,Terroristic Threats 2C:12-3,,,,Historical CAD,Needs Review,
Endangering Welfare  2C:24-4,Endangering Welfare 2C:24-4,,,,Historical CAD,Needs Review,
Prisoner Log -Routine Response,Prisoner Log -routine Response,,,,Historical CAD,Needs Review,
Sexual Assault  2C:14-2b,Sexual Assault 2c:14-2b,,,,Historical CAD,Needs Review,
Violation: TRO/ FRO  2C:25-31,Violation: TRO/ FRO 2C:25-31,,,,Historical CAD,Needs Review,
Burglary  2C:18-2,Burglary 2C:18-2,,,,Historical CAD,Needs Review,
Hazardous Road Condition Ice,Hazardous Road Condition Ice,,,,Historical CAD,Needs Review,
Theft by Deception  2C:20-4,Theft by Deception 2C:20-4,,,,Historical CAD,Needs Review,
TARgeted Area Patrol,Targeted Area Patrol,,,,Historical CAD,Needs Review,
Assault (use **Simple Assault),Assault (use **simple Assault),,,,Historical CAD,Needs Review,
Theft of Identity  2C:21-17,Theft of Identity 2C:21-17,,,,Historical CAD,Needs Review,
Wire down,Wire Down,,,,Historical CAD,Needs Review,
Docket  Pick up,Docket Pick Up,,,,Historical CAD,Needs Review,
CDS/Dist.; School Property  2C:35-7,Cds/dist.; School Property 2C:35-7,,,,Historical CAD,Needs Review,
Unlawful Possess./Weapons  2C:39-5,Unlawful Possess./weapons 2C:39-5,,,,Historical CAD,Needs Review,
fire,Fire,,,,Historical CAD,Needs Review,
Service of Warrant,Service of Warrant,,,,Historical CAD,Needs Review,
Hazardous Road Condition -General,Hazardous Road Condition -general,,,,Historical CAD,Needs Review,
Hazardous Condition -Health / Welfare,Hazardous Condition -health / Welfare,,,,Historical CAD,Needs Review,
Motor Vehicle Violation  Commercial Vehicle,Motor Vehicle Violation Commercial Vehicle,,,,Historical CAD,Needs Review,
Applicant Taxi / Limo,Applicant Taxi / Limo,,,,Historical CAD,Needs Review,
Discovery-Criminal,Discovery-criminal,,,,Historical CAD,Needs Review,
Criminal Trespass  2C:18-3,Criminal Trespass 2C:18-3,,,,Historical CAD,Needs Review,
Discovery-MotorVehicle,Discovery-motorvehicle,,,,Historical CAD,Needs Review,
Motor Vehicle Crash-Police Vehicle,Motor Vehicle Crash-police Vehicle,,,,Historical CAD,Needs Review,
Unregistered Vehicle  39:3-4,Unregistered Vehicle 39:3-4,,,,Historical CAD,Needs Review,
Motor Vehicle Theft  2C:20-3,Motor Vehicle Theft 2C:20-3,,,,Historical CAD,Needs Review,
Robbery  2C:15-1,Robbery 2C:15-1,,,,Historical CAD,Needs Review,
Discovery-Non Specific,Discovery-non Specific,,,,Historical CAD,Needs Review,
stranded Party,Stranded Party,,,,Historical CAD,Needs Review,
Desecration/Venerated Obj.  2C:33-9,Desecration/venerated Obj. 2C:33-9,,,,Historical CAD,Needs Review,
Weapons/Unlawful Purposes  2C:39-4,Weapons/unlawful Purposes 2C:39-4,,,,Historical CAD,Needs Review,
Computer Issue  Vehicle,Computer Issue Vehicle,,,,Historical CAD,Needs Review,
Criminal Attempt  2C:5-1,Criminal Attempt 2C:5-1,,,,Historical CAD,Needs Review,
Stalking  2C:12-10,Stalking 2C:12-10,,,,Historical CAD,Needs Review,
Search Warrant Execution,Search Warrant Execution,,,,Historical CAD,Needs Review,
Hazard-Pothole,Hazard-pothole,,,,Historical CAD,Needs Review,
Mutual Aid  Police,Mutual Aid Police,,,,Historical CAD,Needs Review,
Fight -Armed,Fight -armed,,,,Historical CAD,Needs Review,
Tampering: Public Records  2C:28-7,Tampering: Public Records 2C:28-7,,,,Historical CAD,Needs Review,
Theft by Extortion  2C:20-5,Theft by Extortion 2C:20-5,,,,Historical CAD,Needs Review,
E.D.P.-Duty to Warn,E.d.p.-duty to Warn,,,,Historical CAD,Needs Review,
Sex Offender-Intent to Move,Sex Offender-intent to Move,,,,Historical CAD,Needs Review,
Witness Tampering  2C:28-5,Witness Tampering 2C:28-5,,,,Historical CAD,Needs Review,
Creating a Hazard  2C:40-1,Creating a Hazard 2C:40-1,,,,Historical CAD,Needs Review,
Lewdness  2C:14-4,Lewdness 2C:14-4,,,,Historical CAD,Needs Review,
Driving While Intoxicated   39:4-50,Driving While Intoxicated 39:4-50,,,,Historical CAD,Needs Review,
Interference With Custody  2C:13-4,Interference with Custody 2C:13-4,,,,Historical CAD,Needs Review,
Forgery  2C:21-1,Forgery 2C:21-1,,,,Historical CAD,Needs Review,
Reckless Endangerment  2C:12-2,Reckless Endangerment 2C:12-2,,,,Historical CAD,Needs Review,
Theft of Lost/Mislaid Property  2C:20-6,Theft of Lost/mislaid Property 2C:20-6,,,,Historical CAD,Needs Review,
Hindering Apprehension  2C:29-3,Hindering Apprehension 2C:29-3,,,,Historical CAD,Needs Review,
0,0,,,,Historical CAD,Needs Review,
robbery  2C:15-1,Robbery 2C:15-1,,,,Historical CAD,Needs Review,
Poss. CDS in MV  39:4-49.1,Poss. CDS in MV 39:4-49.1,,,,Historical CAD,Needs Review,
Pursuit  Motor Vehicle,Pursuit Motor Vehicle,,,,Historical CAD,Needs Review,
Abandoned 9-1-1,Abandoned 9-1-1,,,,Historical CAD,Needs Review,
Theft From Auto,Theft From Auto,,,,Historical CAD,Needs Review,
Motor Vehicle Crash-City Police Vehicle,Motor Vehicle Crash-city Police Vehicle,,,,Historical CAD,Needs Review,
Trespass-Criminal,Trespass-criminal,,,,Historical CAD,Needs Review,
Evidence Delivery / Retrieval,Evidence Delivery / Retrieval,,,,Historical CAD,Needs Review,
Suspended Registration  39:3-40,Suspended Registration 39:3-40,,,,Historical CAD,Needs Review,
Applicant Peddling/Ad Material License,Applicant Peddling/ad Material License,,,,Historical CAD,Needs Review,
Endangering Welfare  2C:24-7,Endangering Welfare 2C:24-7,,,,Historical CAD,Needs Review,
Duty to Warn-E.D.P.,Duty to Warn-e.d.p.,,,,Historical CAD,Needs Review,
Sex Offender Annual Address Verification,Sex Offender Annual Address Verification,,,,Historical CAD,Needs Review,
Perjury  2C:28-1,Perjury 2C:28-1,,,,Historical CAD,Needs Review,
Disorderly Conduct  2C:33-2,Disorderly Conduct 2C:33-2,,,,Historical CAD,Needs Review,
Receiving Stolen Property  2C:20-7,Receiving Stolen Property 2C:20-7,,,,Historical CAD,Needs Review,
(Child Safety Seat Installation **USE CAR SEAT INSTALL),(child Safety Seat Installation **USE CAR SEAT INSTALL),,,,Historical CAD,Needs Review,
Medical Emergency,Medical Emergency,,,,Historical CAD,Needs Review,
group,Group,,,,Historical CAD,Needs Review,
Sex Offender Registration-School Enrollment,Sex Offender Registration-school Enrollment,,,,Historical CAD,Needs Review,
Motor Vehicle Crash-Bicyclist Struck,Motor Vehicle Crash-bicyclist Struck,,,,Historical CAD,Needs Review,
Credit Cards: Unlawful Use  2C:21-6,Credit Cards: Unlawful Use 2C:21-6,,,,Historical CAD,Needs Review,
Sex Offender Registration-Employment,Sex Offender Registration-employment,,,,Historical CAD,Needs Review,
Drug Paraphernalia  2C:36-2,Drug Paraphernalia 2C:36-2,,,,Historical CAD,Needs Review,
False Public Alarm  2C:33-3,False Public Alarm 2C:33-3,,,,Historical CAD,Needs Review,
Car wash,Car Wash,,,,Historical CAD,Needs Review,
Suspended Drivers License  39:3-40,Suspended Drivers License 39:3-40,,,,Historical CAD,Needs Review,
Prostitution  2C:34-1,Prostitution 2C:34-1,,,,Historical CAD,Needs Review,
False Reports  2C:28-4,False Reports 2C:28-4,,,,Historical CAD,Needs Review,
Aggravated Sexual Assault 2C:14-2a,Aggravated Sexual Assault 2c:14-2a,,,,Historical CAD,Needs Review,
Discovery-Motor Vehicle,Discovery-motor Vehicle,,,,Historical CAD,Needs Review,
Service of Subpoena,Service of Subpoena,,,,Historical CAD,Needs Review,
fraud,Fraud,,,,Historical CAD,Needs Review,
Service of Summons,Service of Summons,,,,Historical CAD,Needs Review,
Handle With Care,Handle with Care,,,,Historical CAD,Needs Review,
Official Misconduct  2C:30-2,Official Misconduct 2C:30-2,,,,Historical CAD,Needs Review,
ERPO/TERPO,ERPO/TERPO,,,,Historical CAD,Needs Review,
Property Returned: Lost and Found,Property Returned: Lost and Found,,,,Historical CAD,Needs Review,
Breath Test: Refusal  39:4-50.2,Breath Test: Refusal 39:4-50.2,,,,Historical CAD,Needs Review,
Contempt of Court  2C:29-9,Contempt of Court 2C:29-9,,,,Historical CAD,Needs Review,
M.V. Master Keys  2C:5-6,M.V. Master Keys 2C:5-6,,,,Historical CAD,Needs Review,
Weapons Seizure  2C:25-21d.,Weapons Seizure 2c:25-21d.,,,,Historical CAD,Needs Review,
Unsworn Falsification  2C:28-3,Unsworn Falsification 2C:28-3,,,,Historical CAD,Needs Review,
Recovered Stolen Article,Recovered Stolen Article,,,,Historical CAD,Needs Review,
FERPO/TERPO,FERPO/TERPO,,,,Historical CAD,Needs Review,
Kidnapping  2C:13-1,Kidnapping 2C:13-1,,,,Historical CAD,Needs Review,
ESU-Training,Esu-training,,,,Historical CAD,Needs Review,
Burglar Tools 2C:5-5,Burglar Tools 2C:5-5,,,,Historical CAD,Needs Review,
ESU-Targeted Patrol,Esu-targeted Patrol,,,,Historical CAD,Needs Review,
ESU-Response,Esu-response,,,,Historical CAD,Needs Review,
UAS Operations,UAS Operations,,,,Historical CAD,Needs Review,
Enticing a Child  2C:13-6,Enticing a Child 2C:13-6,,,,Historical CAD,Needs Review,
Invasion of Privacy,Invasion of Privacy,,,,Historical CAD,Needs Review,
Property Recovered: Stolen,Property Recovered: Stolen,,,,Historical CAD,Needs Review,
Sex Offender-Serve Documents,Sex Offender-serve Documents,,,,Historical CAD,Needs Review,
Carjacking  2C:15-2,Carjacking 2C:15-2,,,,Historical CAD,Needs Review,
dispute,Dispute,,,,Historical CAD,Needs Review,
Violation: TRO/ FRO  2C:29-9b,Violation: TRO/ FRO 2c:29-9b,,,,Historical CAD,Needs Review,
ANIMAL COMPLAINT,ANIMAL COMPLAINT,,,,Historical CAD,Needs Review,
False Imprisonment  2C:13-3,False Imprisonment 2C:13-3,,,,Historical CAD,Needs Review,
Community Engagement,Community Engagement,,,,Historical CAD,Needs Review,
targer,Targer,,,,Historical CAD,Needs Review,
E.D.P,E.D.P,,,,Historical CAD,Needs Review,
T-05,T-05,,,,Historical CAD,Needs Review,
welfare check,Welfare Check,,,,Historical CAD,Needs Review,
9-1-1 Inform,9-1-1 Inform,,,,Historical CAD,Needs Review,
dtask,Dtask,,,,Historical CAD,Needs Review,
Attempt/Burglary  2C:18-2,Attempt/burglary 2C:18-2,,,,Historical CAD,Needs Review,
Harassment  2C:33-4p,Harassment 2c:33-4p,,,,Historical CAD,Needs Review,
meal,Meal,,,,Historical CAD,Needs Review,
Admis,Admis,,,,Historical CAD,Needs Review,
Firearm Qualification,Firearm Qualification,,,,Historical CAD,Needs Review,
edp,Edp,,,,Historical CAD,Needs Review,
sale of Cigarettes to Minors  2A:170-51,Sale of Cigarettes to Minors 2A:170-51,,,,Historical CAD,Needs Review,
Criminal Simulation  2C:21-2,Criminal Simulation 2C:21-2,,,,Historical CAD,Needs Review,
unwanted person,Unwanted Person,,,,Historical CAD,Needs Review,
disturbance,Disturbance,,,,Historical CAD,Needs Review,
Invasion of Privacy (Observing),Invasion of Privacy (observing),,,,Historical CAD,Needs Review,
peace officer,Peace Officer,,,,Historical CAD,Needs Review,
Mental Health Call,Mental Health Call,,,,Historical CAD,Needs Review,
Sex Offender-General,Sex Offender-general,,,,Historical CAD,Needs Review,
Credit Cards - Unlawful Use  2C:21-6,Credit Cards - Unlawful Use 2C:21-6,,,,Historical CAD,Needs Review,
Burglary - Residence - 2C: 18-2,Burglary - Residence - 2C: 18-2,,,,Historical CAD,Needs Review,
1,1,,,,Historical CAD,Needs Review,
Burglary - Commercial - 2C: 18-2,Burglary - Commercial - 2C: 18-2,,,,Historical CAD,Needs Review,
Burglary - Auto - 2C: 18-2,Burglary - Auto - 2C: 18-2,,,,Historical CAD,Needs Review,
Contempt of Court -  2C:29-9,Contempt of Court - 2C:29-9,,,2C,Historical CAD,Needs Review,
police Assist,Police Assist,,,,Historical CAD,Needs Review,
Abc Violation,ABC Violation,,,,Historical CAD,Needs Review,
Esu - Training,Esu - Training,,,,Historical CAD,Needs Review,
Duty To Warn - Notification,Duty to Warn - Notification,,,,Historical CAD,Needs Review,
Violation Of Court Order,Violation of Court Order,,,,Historical CAD,Needs Review,
Surrender Of Weapon,Surrender of Weapon,,,,Historical CAD,Needs Review,
Service - Ferpo,Service - Ferpo,,,,Historical CAD,Needs Review,
Esu - Response,Esu - Response,,,,Historical CAD,Needs Review,
Rdt Deployment,Rdt Deployment,,,,Historical CAD,Needs Review,
Rdf Deployment,Rdf Deployment,,,,Historical CAD,Needs Review,
Alpr Analysis,ALPR Analysis,,,,Historical CAD,Needs Review,
Search Warrant Execution - Cdw,Search Warrant Execution - Cdw,,,,Historical CAD,Needs Review,
Surrender Of Ammunition,Surrender of Ammunition,,,,Historical CAD,Needs Review,
Drinking In Public,Drinking in Public,,,,Historical CAD,Needs Review,
Fish And Game Violation  Title 23,Fish and Game Violation Title 23,,,,Historical CAD,Needs Review,
A.c.o.r.n. Test,A.C.O.R.N. Test,,,,Historical CAD,Needs Review,
Applicant ABC Liquor License (Business),Applicant ABC Liquor License (business),,,,Historical CAD,Needs Review,
